{"exp_curr":794.53125,"exp_max":1537.734375,"level":8}